<?xml version="1.0" encoding="utf-8"?>
<familyset version="22">

    <family name="sans-serif">
        <font weight="100" style="normal">SF-Pro-Display-Ultralight.ttf</font>
        <font weight="100" style="italic">SF-Pro-Display-UltralightItalic.ttf</font>
        <font weight="300" style="normal">SF-Pro-Display-Light.ttf</font>
        <font weight="300" style="italic">SF-Pro-Display-LightItalic.ttf</font>
        <font weight="400" style="normal">SF-Pro-Display-Regular.ttf</font>
        <font weight="400" style="italic">SF-Pro-Display-RegularItalic.ttf</font>
        <font weight="500" style="normal">SF-Pro-Display-Medium.ttf</font>
        <font weight="500" style="italic">SF-Pro-Display-MediumItalic.ttf</font>
        <font weight="900" style="normal">SF-Pro-Display-Black.ttf</font>
        <font weight="900" style="italic">SF-Pro-Display-BlackItalic.ttf</font>
        <font weight="700" style="normal">SF-Pro-Display-Bold.ttf</font>
        <font weight="700" style="italic">SF-Pro-Display-BoldItalic.ttf</font>
    </family>

    <!-- Note that aliases must come after the fonts they reference. -->
    <alias name="sans-serif-thin" to="sans-serif" weight="100" />
    <alias name="sans-serif-light" to="sans-serif" weight="300" />
    <alias name="sans-serif-medium" to="sans-serif" weight="500" />
    <alias name="sans-serif-black" to="sans-serif" weight="900" />
    <alias name="arial" to="sans-serif" />
    <alias name="helvetica" to="sans-serif" />
    <alias name="tahoma" to="sans-serif" />
    <alias name="verdana" to="sans-serif" />

    <family name="monospace">
        <font weight="400" style="normal">SFMono-Regular.ttf</font>
    </family>
    <alias name="sans-serif-monospace" to="monospace" />
    <alias name="monaco" to="monospace" />

    <!-- fallback fonts -->
    <family lang="und-Arab" variant="elegant">
        <font weight="400" style="normal">NotoNaskhArabic-Regular.ttf</font>
        <font weight="700" style="normal">NotoNaskhArabic-Bold.ttf</font>
    </family>
    <family lang="und-Arab" variant="compact">
        <font weight="400" style="normal">NotoNaskhArabicUI-Regular.ttf</font>
        <font weight="700" style="normal">NotoNaskhArabicUI-Bold.ttf</font>
    </family>
    <family lang="und-Ethi">
        <font weight="400" style="normal">NotoSansEthiopic-Regular.ttf</font>
        <font weight="700" style="normal">NotoSansEthiopic-Bold.ttf</font>
    </family>
    <family lang="und-Hebr">
        <font weight="400" style="normal">NotoSansHebrew-Regular.ttf</font>
        <font weight="700" style="normal">NotoSansHebrew-Bold.ttf</font>
    </family>
    <family lang="und-Thai" variant="elegant">
        <font weight="400" style="normal">NotoSansThai-Regular.ttf</font>
        <font weight="700" style="normal">NotoSansThai-Bold.ttf</font>
    </family>
    <family lang="und-Thai" variant="compact">
        <font weight="400" style="normal">NotoSansThaiUI-Regular.ttf</font>
        <font weight="700" style="normal">NotoSansThaiUI-Bold.ttf</font>
    </family>
    <family lang="und-Armn">
        <font weight="400" style="normal">NotoSansArmenian-Regular.ttf</font>
        <font weight="700" style="normal">NotoSansArmenian-Bold.ttf</font>
    </family>
    <!-- TODO: add Geok -->
    <family lang="und-Geor">
        <font weight="400" style="normal">NotoSansGeorgian-Regular.ttf</font>
        <font weight="700" style="normal">NotoSansGeorgian-Bold.ttf</font>
    </family>
    <family lang="und-Deva" variant="elegant">
        <font weight="400" style="normal">NotoSansDevanagari-Regular.ttf</font>
        <font weight="700" style="normal">NotoSansDevanagari-Bold.ttf</font>
    </family>
    <family lang="und-Deva" variant="compact">
        <font weight="400" style="normal">NotoSansDevanagariUI-Regular.ttf</font>
        <font weight="700" style="normal">NotoSansDevanagariUI-Bold.ttf</font>
    </family>

    <!-- All scripts of India should come after Devanagari, due to shared
         danda characters.
    -->
    <family lang="und-Gujr" variant="elegant">
        <font weight="400" style="normal">NotoSansGujarati-Regular.ttf</font>
        <font weight="700" style="normal">NotoSansGujarati-Bold.ttf</font>
    </family>
    <family lang="und-Gujr" variant="compact">
        <font weight="400" style="normal">NotoSansGujaratiUI-Regular.ttf</font>
        <font weight="700" style="normal">NotoSansGujaratiUI-Bold.ttf</font>
    </family>
    <family lang="und-Guru" variant="elegant">
        <font weight="400" style="normal">NotoSansGurmukhi-Regular.ttf</font>
        <font weight="700" style="normal">NotoSansGurmukhi-Bold.ttf</font>
    </family>
    <family lang="und-Guru" variant="compact">
        <font weight="400" style="normal">NotoSansGurmukhiUI-Regular.ttf</font>
        <font weight="700" style="normal">NotoSansGurmukhiUI-Bold.ttf</font>
    </family>
    <family lang="und-Taml" variant="elegant">
        <font weight="400" style="normal">NotoSansTamil-Regular.ttf</font>
        <font weight="700" style="normal">NotoSansTamil-Bold.ttf</font>
    </family>
    <family lang="und-Taml" variant="compact">
        <font weight="400" style="normal">NotoSansTamilUI-Regular.ttf</font>
        <font weight="700" style="normal">NotoSansTamilUI-Bold.ttf</font>
    </family>
    <family lang="und-Mlym" variant="elegant">
        <font weight="400" style="normal">NotoSansMalayalam-Regular.ttf</font>
        <font weight="700" style="normal">NotoSansMalayalam-Bold.ttf</font>
    </family>
    <family lang="und-Mlym" variant="compact">
        <font weight="400" style="normal">NotoSansMalayalamUI-Regular.ttf</font>
        <font weight="700" style="normal">NotoSansMalayalamUI-Bold.ttf</font>
    </family>
    <family lang="und-Beng" variant="elegant">
        <font weight="400" style="normal">NotoSansBengali-Regular.ttf</font>
        <font weight="700" style="normal">NotoSansBengali-Bold.ttf</font>
    </family>
    <family lang="und-Beng" variant="compact">
        <font weight="400" style="normal">NotoSansBengaliUI-Regular.ttf</font>
        <font weight="700" style="normal">NotoSansBengaliUI-Bold.ttf</font>
    </family>
    <family lang="und-Telu" variant="elegant">
        <font weight="400" style="normal">NotoSansTelugu-Regular.ttf</font>
        <font weight="700" style="normal">NotoSansTelugu-Bold.ttf</font>
    </family>
    <family lang="und-Telu" variant="compact">
        <font weight="400" style="normal">NotoSansTeluguUI-Regular.ttf</font>
        <font weight="700" style="normal">NotoSansTeluguUI-Bold.ttf</font>
    </family>
    <family lang="und-Knda" variant="elegant">
        <font weight="400" style="normal">NotoSansKannada-Regular.ttf</font>
        <font weight="700" style="normal">NotoSansKannada-Bold.ttf</font>
    </family>
    <family lang="und-Knda" variant="compact">
        <font weight="400" style="normal">NotoSansKannadaUI-Regular.ttf</font>
        <font weight="700" style="normal">NotoSansKannadaUI-Bold.ttf</font>
    </family>
    <family lang="und-Orya" variant="elegant">
        <font weight="400" style="normal">NotoSansOriya-Regular.ttf</font>
        <font weight="700" style="normal">NotoSansOriya-Bold.ttf</font>
    </family>
    <family lang="und-Orya" variant="compact">
        <font weight="400" style="normal">NotoSansOriyaUI-Regular.ttf</font>
        <font weight="700" style="normal">NotoSansOriyaUI-Bold.ttf</font>
    </family>

    <family lang="und-Sinh">
        <font weight="400" style="normal">NotoSansSinhala-Regular.ttf</font>
        <font weight="700" style="normal">NotoSansSinhala-Bold.ttf</font>
    </family>
    <family lang="und-Khmr" variant="elegant">
        <font weight="100" style="normal">NotoSansKhmer-VF.ttf
            <axis tag="wdth" stylevalue="100.0" />
            <axis tag="wght" stylevalue="26.0" />
        </font>
        <font weight="200" style="normal">NotoSansKhmer-VF.ttf
            <axis tag="wdth" stylevalue="100.0" />
            <axis tag="wght" stylevalue="39.0" />
        </font>
        <font weight="300" style="normal">NotoSansKhmer-VF.ttf
            <axis tag="wdth" stylevalue="100.0" />
            <axis tag="wght" stylevalue="58.0" />
        </font>
        <font weight="400" style="normal">NotoSansKhmer-VF.ttf
            <axis tag="wdth" stylevalue="100.0" />
            <axis tag="wght" stylevalue="90.0" />
        </font>
        <font weight="500" style="normal">NotoSansKhmer-VF.ttf
            <axis tag="wdth" stylevalue="100.0" />
            <axis tag="wght" stylevalue="108.0" />
        </font>
        <font weight="600" style="normal">NotoSansKhmer-VF.ttf
            <axis tag="wdth" stylevalue="100.0" />
            <axis tag="wght" stylevalue="128.0" />
        </font>
        <font weight="700" style="normal">NotoSansKhmer-VF.ttf
            <axis tag="wdth" stylevalue="100.0" />
            <axis tag="wght" stylevalue="151.0" />
        </font>
        <font weight="800" style="normal">NotoSansKhmer-VF.ttf
            <axis tag="wdth" stylevalue="100.0" />
            <axis tag="wght" stylevalue="169.0" />
        </font>
        <font weight="900" style="normal">NotoSansKhmer-VF.ttf
            <axis tag="wdth" stylevalue="100.0" />
            <axis tag="wght" stylevalue="190.0" />
        </font>
    </family>
    <family lang="und-Khmr" variant="compact">
        <font weight="400" style="normal">NotoSansKhmerUI-Regular.ttf</font>
        <font weight="700" style="normal">NotoSansKhmerUI-Bold.ttf</font>
    </family>
    <family lang="und-Laoo" variant="elegant">
        <font weight="400" style="normal">NotoSansLao-Regular.ttf</font>
        <font weight="700" style="normal">NotoSansLao-Bold.ttf</font>
    </family>
    <family lang="und-Laoo" variant="compact">
        <font weight="400" style="normal">NotoSansLaoUI-Regular.ttf</font>
        <font weight="700" style="normal">NotoSansLaoUI-Bold.ttf</font>
    </family>
    <family lang="und-Mymr" variant="elegant">
        <font weight="400" style="normal">NotoSansMyanmar-Regular.ttf</font>
        <font weight="700" style="normal">NotoSansMyanmar-Bold.ttf</font>
    </family>
    <family lang="und-Mymr" variant="compact">
        <font weight="400" style="normal">NotoSansMyanmarUI-Regular.ttf</font>
        <font weight="700" style="normal">NotoSansMyanmarUI-Bold.ttf</font>
    </family>
    <family lang="und-Thaa">
        <font weight="400" style="normal">NotoSansThaana-Regular.ttf</font>
        <font weight="700" style="normal">NotoSansThaana-Bold.ttf</font>
    </family>
    <family lang="und-Cham">
        <font weight="400" style="normal">NotoSansCham-Regular.ttf</font>
        <font weight="700" style="normal">NotoSansCham-Bold.ttf</font>
    </family>
    <family lang="und-Adlm">
        <font weight="400" style="normal">NotoSansAdlam-Regular.ttf</font>
    </family>
    <family lang="und-Avst">
        <font weight="400" style="normal">NotoSansAvestan-Regular.ttf</font>
    </family>
    <family lang="und-Bali">
        <font weight="400" style="normal">NotoSansBalinese-Regular.ttf</font>
    </family>
    <family lang="und-Bamu">
        <font weight="400" style="normal">NotoSansBamum-Regular.ttf</font>
    </family>
    <family lang="und-Batk">
        <font weight="400" style="normal">NotoSansBatak-Regular.ttf</font>
    </family>
    <family lang="und-Brah">
        <font weight="400" style="normal">NotoSansBrahmi-Regular.ttf</font>
    </family>
    <family lang="und-Bugi">
        <font weight="400" style="normal">NotoSansBuginese-Regular.ttf</font>
    </family>
    <family lang="und-Buhd">
        <font weight="400" style="normal">NotoSansBuhid-Regular.ttf</font>
    </family>
    <family lang="und-Cans">
        <font weight="400" style="normal">NotoSansCanadianAboriginal-Regular.ttf</font>
    </family>
    <family lang="und-Cari">
        <font weight="400" style="normal">NotoSansCarian-Regular.ttf</font>
    </family>
    <family lang="und-Cher">
        <font weight="400" style="normal">NotoSansCherokee-Regular.ttf</font>
    </family>
    <family lang="und-Copt">
        <font weight="400" style="normal">NotoSansCoptic-Regular.ttf</font>
    </family>
    <family lang="und-Xsux">
        <font weight="400" style="normal">NotoSansCuneiform-Regular.ttf</font>
    </family>
    <family lang="und-Cprt">
        <font weight="400" style="normal">NotoSansCypriot-Regular.ttf</font>
    </family>
    <family lang="und-Dsrt">
        <font weight="400" style="normal">NotoSansDeseret-Regular.ttf</font>
    </family>
    <family lang="und-Egyp">
        <font weight="400" style="normal">NotoSansEgyptianHieroglyphs-Regular.ttf</font>
    </family>
    <family lang="und-Glag">
        <font weight="400" style="normal">NotoSansGlagolitic-Regular.ttf</font>
    </family>
    <family lang="und-Goth">
        <font weight="400" style="normal">NotoSansGothic-Regular.ttf</font>
    </family>
    <family lang="und-Hano">
        <font weight="400" style="normal">NotoSansHanunoo-Regular.ttf</font>
    </family>
    <family lang="und-Armi">
        <font weight="400" style="normal">NotoSansImperialAramaic-Regular.ttf</font>
    </family>
    <family lang="und-Phli">
        <font weight="400" style="normal">NotoSansInscriptionalPahlavi-Regular.ttf</font>
    </family>
    <family lang="und-Prti">
        <font weight="400" style="normal">NotoSansInscriptionalParthian-Regular.ttf</font>
    </family>
    <family lang="und-Java">
        <font weight="400" style="normal">NotoSansJavanese-Regular.ttf</font>
    </family>
    <family lang="und-Kthi">
        <font weight="400" style="normal">NotoSansKaithi-Regular.ttf</font>
    </family>
    <family lang="und-Kali">
        <font weight="400" style="normal">NotoSansKayahLi-Regular.ttf</font>
    </family>
    <family lang="und-Khar">
        <font weight="400" style="normal">NotoSansKharoshthi-Regular.ttf</font>
    </family>
    <family lang="und-Lepc">
        <font weight="400" style="normal">NotoSansLepcha-Regular.ttf</font>
    </family>
    <family lang="und-Limb">
        <font weight="400" style="normal">NotoSansLimbu-Regular.ttf</font>
    </family>
    <family lang="und-Linb">
        <font weight="400" style="normal">NotoSansLinearB-Regular.ttf</font>
    </family>
    <family lang="und-Lisu">
        <font weight="400" style="normal">NotoSansLisu-Regular.ttf</font>
    </family>
    <family lang="und-Lyci">
        <font weight="400" style="normal">NotoSansLycian-Regular.ttf</font>
    </family>
    <family lang="und-Lydi">
        <font weight="400" style="normal">NotoSansLydian-Regular.ttf</font>
    </family>
    <family lang="und-Mand">
        <font weight="400" style="normal">NotoSansMandaic-Regular.ttf</font>
    </family>
    <family lang="und-Mtei">
        <font weight="400" style="normal">NotoSansMeeteiMayek-Regular.ttf</font>
    </family>
    <family lang="und-Talu">
        <font weight="400" style="normal">NotoSansNewTaiLue-Regular.ttf</font>
    </family>
    <family lang="und-Nkoo">
        <font weight="400" style="normal">NotoSansNKo-Regular.ttf</font>
    </family>
    <family lang="und-Ogam">
        <font weight="400" style="normal">NotoSansOgham-Regular.ttf</font>
    </family>
    <family lang="und-Olck">
        <font weight="400" style="normal">NotoSansOlChiki-Regular.ttf</font>
    </family>
    <family lang="und-Ital">
        <font weight="400" style="normal">NotoSansOldItalic-Regular.ttf</font>
    </family>
    <family lang="und-Xpeo">
        <font weight="400" style="normal">NotoSansOldPersian-Regular.ttf</font>
    </family>
    <family lang="und-Sarb">
        <font weight="400" style="normal">NotoSansOldSouthArabian-Regular.ttf</font>
    </family>
    <family lang="und-Orkh">
        <font weight="400" style="normal">NotoSansOldTurkic-Regular.ttf</font>
    </family>
    <family lang="und-Osma">
        <font weight="400" style="normal">NotoSansOsmanya-Regular.ttf</font>
    </family>
    <family lang="und-Phnx">
        <font weight="400" style="normal">NotoSansPhoenician-Regular.ttf</font>
    </family>
    <family lang="und-Rjng">
        <font weight="400" style="normal">NotoSansRejang-Regular.ttf</font>
    </family>
    <family lang="und-Runr">
        <font weight="400" style="normal">NotoSansRunic-Regular.ttf</font>
    </family>
    <family lang="und-Samr">
        <font weight="400" style="normal">NotoSansSamaritan-Regular.ttf</font>
    </family>
    <family lang="und-Saur">
        <font weight="400" style="normal">NotoSansSaurashtra-Regular.ttf</font>
    </family>
    <family lang="und-Shaw">
        <font weight="400" style="normal">NotoSansShavian-Regular.ttf</font>
    </family>
    <family lang="und-Sund">
        <font weight="400" style="normal">NotoSansSundanese-Regular.ttf</font>
    </family>
    <family lang="und-Sylo">
        <font weight="400" style="normal">NotoSansSylotiNagri-Regular.ttf</font>
    </family>
    <!-- Esrangela should precede Eastern and Western Syriac, since it's our default form. -->
    <family lang="und-Syre">
        <font weight="400" style="normal">NotoSansSyriacEstrangela-Regular.ttf</font>
    </family>
    <family lang="und-Syrn">
        <font weight="400" style="normal">NotoSansSyriacEastern-Regular.ttf</font>
    </family>
    <family lang="und-Syrj">
        <font weight="400" style="normal">NotoSansSyriacWestern-Regular.ttf</font>
    </family>
    <family lang="und-Tglg">
        <font weight="400" style="normal">NotoSansTagalog-Regular.ttf</font>
    </family>
    <family lang="und-Tagb">
        <font weight="400" style="normal">NotoSansTagbanwa-Regular.ttf</font>
    </family>
    <family lang="und-Lana">
        <font weight="400" style="normal">NotoSansTaiTham-Regular.ttf</font>
    </family>
    <family lang="und-Tavt">
        <font weight="400" style="normal">NotoSansTaiViet-Regular.ttf</font>
    </family>
    <family lang="und-Tibt">
        <font weight="400" style="normal">NotoSansTibetan-Regular.ttf</font>
        <font weight="700" style="normal">NotoSansTibetan-Bold.ttf</font>
    </family>
    <family lang="und-Tfng">
        <font weight="400" style="normal">NotoSansTifinagh-Regular.ttf</font>
    </family>
    <family lang="und-Ugar">
        <font weight="400" style="normal">NotoSansUgaritic-Regular.ttf</font>
    </family>
    <family lang="und-Vaii">
        <font weight="400" style="normal">NotoSansVai-Regular.ttf</font>
    </family>
    <family>
        <font weight="400" style="normal">NotoSansSymbols-Regular-Subsetted.ttf</font>
    </family>
    <family lang="zh-Hans">
        <font weight="400" style="normal" index="2">NotoSansCJK-Regular.ttc</font>
    </family>
    <!-- TODO: Add Bopo -->
    <family lang="zh-Hant">
        <font weight="400" style="normal" index="3">NotoSansCJK-Regular.ttc</font>
    </family>
    <family lang="ja">
        <font weight="400" style="normal" index="0">NotoSansCJK-Regular.ttc</font>
    </family>
    <family lang="ko">
        <font weight="400" style="normal" index="1">NotoSansCJK-Regular.ttc</font>
    </family>
    <family lang="und-Zsye">
        <font weight="400" style="normal">NotoColorEmoji.ttf</font>
    </family>
    <family lang="und-Zsym">
        <font weight="400" style="normal">NotoSansSymbols-Regular-Subsetted2.ttf</font>
    </family>
    <!--
        Tai Le, Yi, Mongolian, and Phags-pa are intentionally kept last, to make sure they don't
        override the East Asian punctuation for Chinese.
    -->
    <family lang="und-Tale">
        <font weight="400" style="normal">NotoSansTaiLe-Regular.ttf</font>
    </family>
    <family lang="und-Yiii">
        <font weight="400" style="normal">NotoSansYi-Regular.ttf</font>
    </family>
    <family lang="und-Mong">
        <font weight="400" style="normal">NotoSansMongolian-Regular.ttf</font>
    </family>
    <family lang="und-Phag">
        <font weight="400" style="normal">NotoSansPhagsPa-Regular.ttf</font>
    </family>

</familyset>
